{
  "windows": {
    "baseline": {
      "holdout16-21": {
        "cagr": 0.16326003668152334,
        "sharpe": 1.0020162885245132,
        "max_dd": -0.3374265844772468,
        "vs_base_pp": 0.0
      },
      "recent22-26": {
        "cagr": 0.12839374838159623,
        "sharpe": 0.8984139988586163,
        "max_dd": -0.25277903287038905,
        "vs_base_pp": 0.0
      },
      "full16-26": {
        "cagr": 0.13366351129331866,
        "sharpe": 0.8550769350807784,
        "max_dd": -0.3374265844772468,
        "vs_base_pp": 0.0
      }
    },
    "F2_lowvol": {
      "holdout16-21": {
        "cagr": 0.1481331701342019,
        "sharpe": 0.9674708904895399,
        "max_dd": -0.32281840056276134,
        "vs_base_pp": -1.5126866547321427
      },
      "recent22-26": {
        "cagr": 0.09481251675540481,
        "sharpe": 0.7853804385655614,
        "max_dd": -0.23059899042833643,
        "vs_base_pp": -3.358123162619142
      },
      "full16-26": {
        "cagr": 0.11548738382788848,
        "sharpe": 0.8077973134396351,
        "max_dd": -0.32281840056276134,
        "vs_base_pp": -1.817612746543018
      }
    },
    "F2_lowvol_max": {
      "holdout16-21": {
        "cagr": 0.12669787906221863,
        "sharpe": 0.8792425945748241,
        "max_dd": -0.3433699005057821,
        "vs_base_pp": -3.6562157619304703
      },
      "recent22-26": {
        "cagr": 0.08110964255294406,
        "sharpe": 0.769066005539275,
        "max_dd": -0.18366997110855532,
        "vs_base_pp": -4.728410582865217
      },
      "full16-26": {
        "cagr": 0.09988628905573638,
        "sharpe": 0.7498444217860408,
        "max_dd": -0.3433699005057821,
        "vs_base_pp": -3.3777222237582283
      }
    },
    "F3_quality": {
      "holdout16-21": {
        "cagr": 0.16201006357140546,
        "sharpe": 1.0084972187895944,
        "max_dd": -0.3247503847175446,
        "vs_base_pp": -0.12499731101178746
      },
      "recent22-26": {
        "cagr": 0.11176823155273663,
        "sharpe": 0.8012375274492936,
        "max_dd": -0.26571038145904013,
        "vs_base_pp": -1.66255168288596
      },
      "full16-26": {
        "cagr": 0.13431093754111756,
        "sharpe": 0.8651354182176669,
        "max_dd": -0.3247503847175446,
        "vs_base_pp": 0.0647426247798899
      }
    },
    "F6_promoter": {
      "holdout16-21": {
        "cagr": 0.15518263680858668,
        "sharpe": 0.951867507518398,
        "max_dd": -0.34640577674530015,
        "vs_base_pp": -0.8077399872936653
      },
      "recent22-26": {
        "cagr": 0.12544986826064042,
        "sharpe": 0.9001404717244953,
        "max_dd": -0.2379337786013095,
        "vs_base_pp": -0.2943880120955811
      },
      "full16-26": {
        "cagr": 0.11666625803343122,
        "sharpe": 0.7659943042453125,
        "max_dd": -0.34640577674530015,
        "vs_base_pp": -1.6997253259887435
      }
    },
    "F3+F6": {
      "holdout16-21": {
        "cagr": 0.1596151853497667,
        "sharpe": 0.9856065224151666,
        "max_dd": -0.3306056539658322,
        "vs_base_pp": -0.36448513317566267
      },
      "recent22-26": {
        "cagr": 0.11308107253277844,
        "sharpe": 0.8120929771244854,
        "max_dd": -0.2667536303953807,
        "vs_base_pp": -1.5312675848817792
      },
      "full16-26": {
        "cagr": 0.1359698402677898,
        "sharpe": 0.8736483939350991,
        "max_dd": -0.3306056539658322,
        "vs_base_pp": 0.2306328974471139
      }
    },
    "inst_chg_ctrl": {
      "holdout16-21": {
        "cagr": 0.16249962136329188,
        "sharpe": 0.9777598575269548,
        "max_dd": -0.3568916284531184,
        "vs_base_pp": -0.07604153182314555
      },
      "recent22-26": {
        "cagr": 0.1280217435359945,
        "sharpe": 0.8971559440366328,
        "max_dd": -0.23824966282125792,
        "vs_base_pp": -0.03720048456017366
      },
      "full16-26": {
        "cagr": 0.13211084312681431,
        "sharpe": 0.8213930778913903,
        "max_dd": -0.3568916284531184,
        "vs_base_pp": -0.1552668166504345
      }
    }
  },
  "walk_forward": {
    "baseline": {
      "avg_delta_pp": 0.0,
      "beats_base": 0,
      "n": 8
    },
    "F2_lowvol": {
      "avg_delta_pp": -1.048010949668768,
      "beats_base": 3,
      "n": 8
    },
    "F2_lowvol_max": {
      "avg_delta_pp": -1.8351997807365625,
      "beats_base": 2,
      "n": 8
    },
    "F3_quality": {
      "avg_delta_pp": -0.07734831449117824,
      "beats_base": 4,
      "n": 8
    },
    "F6_promoter": {
      "avg_delta_pp": 0.36913107243050913,
      "beats_base": 3,
      "n": 8
    },
    "F3+F6": {
      "avg_delta_pp": 0.09621587635193218,
      "beats_base": 4,
      "n": 8
    },
    "inst_chg_ctrl": {
      "avg_delta_pp": 0.43467145335626955,
      "beats_base": 6,
      "n": 8
    }
  }
}