{
  "config": {
    "mode": "factor_tilt",
    "n_hold": 12,
    "factor_weights": {
      "momentum": 0.45,
      "low_vol": 0.15,
      "trend": 0.25,
      "stability": 0.15
    },
    "base_weighting": "inverse_vol",
    "tilt_strength": 1.5,
    "max_weight": 0.125,
    "max_sector_weight": 0.3,
    "buffer_mult": 2.0
  },
  "windows": {
    "FULL 2016-2026": {
      "factor": {
        "cagr": 0.2004831425281648,
        "vol": 0.22507941165424317,
        "sharpe": 0.9409921160878104,
        "sharpe_excess": 0.6611679062453097,
        "sortino": 0.8966534633961408,
        "max_dd": -0.37624213031299725,
        "calmar": 0.5328567068270161,
        "years": 10.43668720054757,
        "rf_annual": 0.065,
        "turnover_yr": 2.168989778171345,
        "tax_paid": 0.903875328607348,
        "n_rebalances": 21,
        "avg_holdings": 12.0
      },
      "equal_weight": {
        "cagr": 0.15381637374716983,
        "vol": 0.17974539933415878,
        "sharpe": 0.9017297074310242,
        "sharpe_excess": 0.5513303717524819,
        "sortino": 0.7251448225783395,
        "max_dd": -0.4020990517540274,
        "calmar": 0.3825335401220061,
        "years": 10.43668720054757,
        "rf_annual": 0.065,
        "turnover_yr": 0.5914989309840745,
        "tax_paid": 0.5171356070788212,
        "n_rebalances": 21,
        "avg_holdings": 113.25
      },
      "nifty": {
        "cagr": 0.11075742361182717,
        "vol": 0.14964463392779737,
        "sharpe": 0.7926744175911881,
        "sharpe_excess": 0.371792847268043,
        "sortino": 0.49373850582100176,
        "max_dd": -0.3633661476577137,
        "calmar": 0.30480941696351765,
        "years": 10.43668720054757,
        "rf_annual": 0.065
      },
      "vs_ew_pp": 4.666676878099496,
      "vs_nifty_pp": 8.972571891633763
    },
    "OOS-era 2016-2021": {
      "factor": {
        "cagr": 0.17465913827249446,
        "vol": 0.20218211703568542,
        "sharpe": 0.9150794170311934,
        "sharpe_excess": 0.60356488032839,
        "sortino": 0.8109054148836157,
        "max_dd": -0.37624213031299725,
        "calmar": 0.46422004395731775,
        "years": 5.9986310746064335,
        "rf_annual": 0.065,
        "turnover_yr": 2.034987264129213,
        "tax_paid": 0.3089706513221371,
        "n_rebalances": 12,
        "avg_holdings": 12.0
      },
      "equal_weight": {
        "cagr": 0.14367835716163557,
        "vol": 0.18562984967254134,
        "sharpe": 0.8321916906860124,
        "sharpe_excess": 0.49289998394236356,
        "sortino": 0.6437236120755625,
        "max_dd": -0.4020990517540274,
        "calmar": 0.3573208057439705,
        "years": 5.9986310746064335,
        "rf_annual": 0.065,
        "turnover_yr": 0.5817440465817335,
        "tax_paid": 0.1904780511613982,
        "n_rebalances": 12,
        "avg_holdings": 108.0909090909091
      },
      "nifty": {
        "cagr": 0.13751543178560865,
        "vol": 0.16295868516453227,
        "sharpe": 0.8904388245666949,
        "sharpe_excess": 0.503944122217,
        "sortino": 0.6708981598407127,
        "max_dd": -0.3633661476577137,
        "calmar": 0.3784486603169937,
        "years": 5.9986310746064335,
        "rf_annual": 0.065
      },
      "vs_ew_pp": 3.098078111085889,
      "vs_nifty_pp": 3.714370648688581
    },
    "recent 2022-2026": {
      "factor": {
        "cagr": 0.23105731496968684,
        "vol": 0.24715815952955517,
        "sharpe": 0.9782163706164476,
        "sharpe_excess": 0.723388981393912,
        "sortino": 0.9903186549045947,
        "max_dd": -0.298886299846451,
        "calmar": 0.7730609100798183,
        "years": 4.42984257357974,
        "rf_annual": 0.065,
        "turnover_yr": 2.382112645523074,
        "tax_paid": 0.23093715589739058,
        "n_rebalances": 9,
        "avg_holdings": 12.0
      },
      "equal_weight": {
        "cagr": 0.16527602033669098,
        "vol": 0.17313549075996237,
        "sharpe": 0.9839224827126621,
        "sharpe_excess": 0.6201457189682278,
        "sortino": 0.8214006442712037,
        "max_dd": -0.20768204225162645,
        "calmar": 0.7958127652483474,
        "years": 4.42984257357974,
        "rf_annual": 0.065,
        "turnover_yr": 0.7119439264134189,
        "tax_paid": 0.14852968750950052,
        "n_rebalances": 9,
        "avg_holdings": 119.44444444444444
      },
      "nifty": {
        "cagr": 0.06751505270481362,
        "vol": 0.12764361901967997,
        "sharpe": 0.5861556933662344,
        "sharpe_excess": 0.09272978612794994,
        "sortino": 0.10950423543505089,
        "max_dd": -0.15734991594297287,
        "calmar": 0.42907587398573876,
        "years": 4.42984257357974,
        "rf_annual": 0.065
      },
      "vs_ew_pp": 6.578129463299587,
      "vs_nifty_pp": 16.354226226487324
    }
  },
  "walk_forward": [
    {
      "window": "2016-2018",
      "factor": 0.10600118220319077,
      "ew": 0.09456280157850361,
      "nifty": 0.10814687681663049,
      "vs_ew": 1.143838062468716,
      "vs_nifty": -0.21456946134397192
    },
    {
      "window": "2017-2019",
      "factor": 0.15965836510660836,
      "ew": 0.09946029920964405,
      "nifty": 0.13951249620885964,
      "vs_ew": 6.01980658969643,
      "vs_nifty": 2.014586889774872
    },
    {
      "window": "2018-2020",
      "factor": 0.12245166621628889,
      "ew": 0.060295735194892286,
      "nifty": 0.10112577277457668,
      "vs_ew": 6.21559310213966,
      "vs_nifty": 2.1325893441712207
    },
    {
      "window": "2019-2021",
      "factor": 0.2927488066967865,
      "ew": 0.19605719068530947,
      "nifty": 0.16152361352092615,
      "vs_ew": 9.669161601147703,
      "vs_nifty": 13.122519317586034
    },
    {
      "window": "2020-2022",
      "factor": 0.27062544063027283,
      "ew": 0.20479709861255202,
      "nifty": 0.1356963018004662,
      "vs_ew": 6.582834201772081,
      "vs_nifty": 13.492913882980663
    },
    {
      "window": "2021-2023",
      "factor": 0.36388060092775243,
      "ew": 0.252532837426531,
      "nifty": 0.15209409701954102,
      "vs_ew": 11.134776350122145,
      "vs_nifty": 21.17865039082114
    },
    {
      "window": "2022-2024",
      "factor": 0.3164568534712313,
      "ew": 0.22094255156007625,
      "nifty": 0.1022921082689845,
      "vs_ew": 9.551430191115507,
      "vs_nifty": 21.416474520224682
    },
    {
      "window": "2023-2025",
      "factor": 0.33371812062541695,
      "ew": 0.23527387497129504,
      "nifty": 0.12453369934646563,
      "vs_ew": 9.84442456541219,
      "vs_nifty": 20.918442127895133
    }
  ],
  "walk_forward_summary": {
    "windows": 8,
    "beats_nifty": 7.0,
    "beats_ew": 8.0
  }
}