{
  "config": {
    "mode": "factor_tilt",
    "n_hold": 12,
    "factor_weights": {
      "momentum": 0.45,
      "low_vol": 0.15,
      "trend": 0.25,
      "stability": 0.15
    },
    "base_weighting": "inverse_vol",
    "tilt_strength": 1.5,
    "max_weight": 0.125,
    "max_sector_weight": 0.3,
    "buffer_mult": 2.0
  },
  "windows": {
    "FULL 2016-2026": {
      "factor": {
        "cagr": 0.1262507680250622,
        "vol": 0.24031700022155628,
        "sharpe": 0.6271047498735267,
        "sharpe_excess": 0.3650231307625287,
        "sortino": 0.4845170678542002,
        "max_dd": -0.5360802956883857,
        "calmar": 0.2355071974114296,
        "years": 10.43668720054757,
        "rf_annual": 0.065,
        "turnover_yr": 2.664126065490478,
        "tax_paid": 0.5061021558297193,
        "n_rebalances": 21,
        "avg_holdings": 12.0
      },
      "equal_weight": {
        "cagr": 0.09531101446765278,
        "vol": 0.18596605001832636,
        "sharpe": 0.5943501014063959,
        "sharpe_excess": 0.2556717861345664,
        "sortino": 0.32252581632599464,
        "max_dd": -0.5531302646049594,
        "calmar": 0.1723120584185048,
        "years": 10.43668720054757,
        "rf_annual": 0.065,
        "turnover_yr": 0.8661852270784258,
        "tax_paid": 0.25668259922508097,
        "n_rebalances": 21,
        "avg_holdings": 247.8421052631579
      },
      "nifty": {
        "cagr": 0.11075742361182717,
        "vol": 0.14964463392779737,
        "sharpe": 0.7926744175911881,
        "sharpe_excess": 0.371792847268043,
        "sortino": 0.49373850582100176,
        "max_dd": -0.3633661476577137,
        "calmar": 0.30480941696351765,
        "years": 10.43668720054757,
        "rf_annual": 0.065
      },
      "vs_ew_pp": 3.093975355740941,
      "vs_nifty_pp": 1.5493344413235022
    },
    "OOS-era 2016-2021": {
      "factor": {
        "cagr": 0.06342984923876993,
        "vol": 0.20114227783552058,
        "sharpe": 0.41341435000586296,
        "sharpe_excess": 0.10028938594700834,
        "sortino": 0.12284447263549945,
        "max_dd": -0.5360802956883857,
        "calmar": 0.11832154576269041,
        "years": 5.9986310746064335,
        "rf_annual": 0.065,
        "turnover_yr": 2.3303555942865524,
        "tax_paid": 0.09271253578061633,
        "n_rebalances": 12,
        "avg_holdings": 12.0
      },
      "equal_weight": {
        "cagr": 0.07234573336978833,
        "vol": 0.18537599126823653,
        "sharpe": 0.4783606596886208,
        "sharpe_excess": 0.13860431860544103,
        "sortino": 0.16782252625010405,
        "max_dd": -0.5531302646049594,
        "calmar": 0.13079330132379757,
        "years": 5.9986310746064335,
        "rf_annual": 0.065,
        "turnover_yr": 0.8425883148200528,
        "tax_paid": 0.09056719200572166,
        "n_rebalances": 12,
        "avg_holdings": 159.5
      },
      "nifty": {
        "cagr": 0.13751543178560865,
        "vol": 0.16295868516453227,
        "sharpe": 0.8904388245666949,
        "sharpe_excess": 0.503944122217,
        "sortino": 0.6708981598407127,
        "max_dd": -0.3633661476577137,
        "calmar": 0.3784486603169937,
        "years": 5.9986310746064335,
        "rf_annual": 0.065
      },
      "vs_ew_pp": -0.8915884131018403,
      "vs_nifty_pp": -7.408558254683872
    },
    "recent 2022-2026": {
      "factor": {
        "cagr": 0.12176999108199715,
        "vol": 0.289435887293711,
        "sharpe": 0.552662623267153,
        "sharpe_excess": 0.3350577190969573,
        "sortino": 0.4384411979936916,
        "max_dd": -0.4340140284887908,
        "calmar": 0.28056694735419613,
        "years": 4.42984257357974,
        "rf_annual": 0.065,
        "turnover_yr": 3.0234489754055276,
        "tax_paid": 0.12778911240427082,
        "n_rebalances": 9,
        "avg_holdings": 12.0
      },
      "equal_weight": {
        "cagr": 0.11838749831371165,
        "vol": 0.1863846846482577,
        "sharpe": 0.7081785999739462,
        "sharpe_excess": 0.3702609827790385,
        "sortino": 0.47413959536015554,
        "max_dd": -0.24415571858682228,
        "calmar": 0.48488521587346234,
        "years": 4.42984257357974,
        "rf_annual": 0.065,
        "turnover_yr": 0.9803330936484591,
        "tax_paid": 0.10022988047806983,
        "n_rebalances": 9,
        "avg_holdings": 340.44444444444446
      },
      "nifty": {
        "cagr": 0.06751505270481362,
        "vol": 0.12764361901967997,
        "sharpe": 0.5861556933662344,
        "sharpe_excess": 0.09272978612794994,
        "sortino": 0.10950423543505089,
        "max_dd": -0.15734991594297287,
        "calmar": 0.42907587398573876,
        "years": 4.42984257357974,
        "rf_annual": 0.065
      },
      "vs_ew_pp": 0.33824927682855055,
      "vs_nifty_pp": 5.425493837718354
    }
  },
  "walk_forward": [
    {
      "window": "2016-2018",
      "factor": -0.019396279073963463,
      "ew": 0.031186798160077744,
      "nifty": 0.10814687681663049,
      "vs_ew": -5.058307723404121,
      "vs_nifty": -12.754315589059395
    },
    {
      "window": "2017-2019",
      "factor": -0.018213420742680286,
      "ew": -0.055378928116889936,
      "nifty": 0.13951249620885964,
      "vs_ew": 3.716550737420965,
      "vs_nifty": -15.772591695153992
    },
    {
      "window": "2018-2020",
      "factor": -0.03762366413681417,
      "ew": -0.04018866720606673,
      "nifty": 0.10112577277457668,
      "vs_ew": 0.2565003069252558,
      "vs_nifty": -13.874943691139086
    },
    {
      "window": "2019-2021",
      "factor": 0.164137623099039,
      "ew": 0.1144390056695348,
      "nifty": 0.16152361352092615,
      "vs_ew": 4.969861742950421,
      "vs_nifty": 0.26140095781128636
    },
    {
      "window": "2020-2022",
      "factor": 0.21523489075418656,
      "ew": 0.14077834913097687,
      "nifty": 0.1356963018004662,
      "vs_ew": 7.445654162320969,
      "vs_nifty": 7.953858895372035
    },
    {
      "window": "2021-2023",
      "factor": 0.32963172559546794,
      "ew": 0.2096172169376498,
      "nifty": 0.15209409701954102,
      "vs_ew": 12.001450865781816,
      "vs_nifty": 17.75376285759269
    },
    {
      "window": "2022-2024",
      "factor": 0.21688677218253605,
      "ew": 0.18242092539813726,
      "nifty": 0.1022921082689845,
      "vs_ew": 3.446584678439879,
      "vs_nifty": 11.459466391355155
    },
    {
      "window": "2023-2025",
      "factor": 0.20801450935592536,
      "ew": 0.1738315109486952,
      "nifty": 0.12453369934646563,
      "vs_ew": 3.418299840723016,
      "vs_nifty": 8.348081000945973
    }
  ],
  "walk_forward_summary": {
    "windows": 8,
    "beats_nifty": 5.0,
    "beats_ew": 7.0
  }
}