{
  "config": {
    "mode": "factor_tilt",
    "n_hold": 12,
    "factor_weights": {
      "momentum": 0.3,
      "low_vol": 0.3,
      "trend": 0.2,
      "stability": 0.2
    },
    "base_weighting": "inverse_vol",
    "tilt_strength": 1.5,
    "max_weight": 0.125,
    "max_sector_weight": 0.3,
    "buffer_mult": 2.0
  },
  "windows": {
    "FULL 2016-2026": {
      "factor": {
        "cagr": 0.1621583139467755,
        "vol": 0.19068998333543272,
        "sharpe": 0.8989064157307676,
        "sortino": 1.0501162975950222,
        "max_dd": -0.3460202100618641,
        "calmar": 0.4686382738100286,
        "years": 10.38466803559206,
        "turnover_yr": 1.5871315485915185,
        "tax_paid": 0.6938348624461672,
        "n_rebalances": 11,
        "avg_holdings": 12.0
      },
      "equal_weight": {
        "cagr": 0.14984105761116573,
        "vol": 0.1784900066831353,
        "sharpe": 0.8872059787447477,
        "sortino": 0.9828034390076476,
        "max_dd": -0.4010009661395044,
        "calmar": 0.3736675725590084,
        "years": 10.38466803559206,
        "turnover_yr": 0.44005474364543934,
        "tax_paid": 0.5164839891441315,
        "n_rebalances": 11,
        "avg_holdings": 112.8
      },
      "nifty": {
        "cagr": 0.10365967352032746,
        "vol": 0.1650154645298649,
        "sharpe": 0.6948822436996889,
        "sortino": 0.8345853872512928,
        "max_dd": -0.38439852452742096,
        "calmar": 0.26966719928950433,
        "years": 10.373716632443532
      },
      "vs_ew_pp": 1.231725633560976,
      "vs_nifty_pp": 5.849864042644803
    },
    "OOS-era 2016-2021": {
      "factor": {
        "cagr": 0.16746160528162424,
        "vol": 0.18116013829033012,
        "sharpe": 0.9638510829914663,
        "sortino": 1.0445586361953947,
        "max_dd": -0.3460202100618641,
        "calmar": 0.4839648101817064,
        "years": 5.9986310746064335,
        "turnover_yr": 1.1371590169755763,
        "tax_paid": 0.32638936759787185,
        "n_rebalances": 6,
        "avg_holdings": 12.0
      },
      "equal_weight": {
        "cagr": 0.1353790306666114,
        "vol": 0.17952876401599116,
        "sharpe": 0.8128492002107653,
        "sortino": 0.8526157478806506,
        "max_dd": -0.4010009661395044,
        "calmar": 0.3376027543522534,
        "years": 5.9986310746064335,
        "turnover_yr": 0.37297358567901,
        "tax_paid": 0.18873165737432168,
        "n_rebalances": 6,
        "avg_holdings": 107.4
      },
      "nifty": {
        "cagr": 0.12949394669638314,
        "vol": 0.179898418648515,
        "sharpe": 0.7837768653934412,
        "sortino": 0.9054059757615842,
        "max_dd": -0.38439852452742096,
        "calmar": 0.3368742032909279,
        "years": 5.990417522245037
      },
      "vs_ew_pp": 3.208257461501285,
      "vs_nifty_pp": 3.7967658585241093
    },
    "recent 2022-2026": {
      "factor": {
        "cagr": 0.14285601633044065,
        "vol": 0.223652876613503,
        "sharpe": 0.7185772609864335,
        "sortino": 0.9142727527025489,
        "max_dd": -0.3185843612844288,
        "calmar": 0.44840875350720777,
        "years": 4.37782340862423,
        "turnover_yr": 1.7828504006013184,
        "tax_paid": 0.1926335071616226,
        "n_rebalances": 5,
        "avg_holdings": 12.0
      },
      "equal_weight": {
        "cagr": 0.16041364743272757,
        "vol": 0.1762746495786154,
        "sharpe": 0.9455446083447903,
        "sortino": 1.1300443646124965,
        "max_dd": -0.21370849848954743,
        "calmar": 0.7506189438721524,
        "years": 4.37782340862423,
        "turnover_yr": 0.5651783326418227,
        "tax_paid": 0.146428016185364,
        "n_rebalances": 5,
        "avg_holdings": 118.2
      },
      "nifty": {
        "cagr": 0.0617115569876705,
        "vol": 0.14027456739789498,
        "sharpe": 0.5064854418570299,
        "sortino": 0.6904024655722478,
        "max_dd": -0.1646593406030693,
        "calmar": 0.3747832146154008,
        "years": 4.375085557837098
      },
      "vs_ew_pp": -1.755763110228692,
      "vs_nifty_pp": 8.114445934277015
    }
  },
  "walk_forward": [
    {
      "window": "2016-2018",
      "factor": 0.08171765141363196,
      "ew": 0.08266804598024202,
      "nifty": 0.10419480535379644,
      "vs_ew": -0.09503945666100577,
      "vs_nifty": -2.2477153940164474
    },
    {
      "window": "2017-2019",
      "factor": 0.1317665226382463,
      "ew": 0.10798676333645707,
      "nifty": 0.12609590825866546,
      "vs_ew": 2.3779759301789216,
      "vs_nifty": 0.567061437958083
    },
    {
      "window": "2018-2020",
      "factor": 0.10764366547194926,
      "ew": 0.054587492787591785,
      "nifty": 0.09059025925169628,
      "vs_ew": 5.305617268435747,
      "vs_nifty": 1.7053406220252976
    },
    {
      "window": "2019-2021",
      "factor": 0.3249145443438266,
      "ew": 0.1866925945005662,
      "nifty": 0.1530535695035058,
      "vs_ew": 13.822194984326043,
      "vs_nifty": 17.186097484032082
    },
    {
      "window": "2020-2022",
      "factor": 0.21836491753389464,
      "ew": 0.19864225728565965,
      "nifty": 0.1256268893200383,
      "vs_ew": 1.972266024823499,
      "vs_nifty": 9.273802821385635
    },
    {
      "window": "2021-2023",
      "factor": 0.27830557328059813,
      "ew": 0.24860062799633553,
      "nifty": 0.1404811692129928,
      "vs_ew": 2.9704945284262596,
      "vs_nifty": 13.782440406760532
    },
    {
      "window": "2022-2024",
      "factor": 0.23481224231298903,
      "ew": 0.20654817099849554,
      "nifty": 0.09129868895728599,
      "vs_ew": 2.826407131449349,
      "vs_nifty": 14.351355335570304
    },
    {
      "window": "2023-2025",
      "factor": 0.25822688037651154,
      "ew": 0.220545313301727,
      "nifty": 0.11390637222153055,
      "vs_ew": 3.768156707478454,
      "vs_nifty": 14.432050815498098
    }
  ],
  "walk_forward_summary": {
    "windows": 8,
    "beats_nifty": 7.0,
    "beats_ew": 7.0
  }
}