{
  "config": {
    "mode": "factor_tilt",
    "n_hold": 12,
    "factor_weights": {
      "momentum": 0.45,
      "low_vol": 0.15,
      "trend": 0.25,
      "stability": 0.15
    },
    "base_weighting": "inverse_vol",
    "tilt_strength": 1.5,
    "max_weight": 0.125,
    "max_sector_weight": 0.3,
    "buffer_mult": 2.0
  },
  "windows": {
    "FULL 2016-2026": {
      "factor": {
        "cagr": 0.16292156503339594,
        "vol": 0.23165658564606265,
        "sharpe": 0.7810178339431021,
        "sortino": 0.8731165997025679,
        "max_dd": -0.3791251759261325,
        "calmar": 0.42973027215987114,
        "years": 10.43668720054757,
        "turnover_yr": 1.6395018460399629,
        "tax_paid": 0.8037685216889694,
        "n_rebalances": 11,
        "avg_holdings": 12.0
      },
      "equal_weight": {
        "cagr": 0.14861995594942634,
        "vol": 0.17774151433635993,
        "sharpe": 0.8840256316229104,
        "sortino": 0.983803652176821,
        "max_dd": -0.40229148452238317,
        "calmar": 0.369433511936933,
        "years": 10.43668720054757,
        "turnover_yr": 0.43406791600153083,
        "tax_paid": 0.5125272436408704,
        "n_rebalances": 11,
        "avg_holdings": 113.8
      },
      "nifty": {
        "cagr": 0.10365967352032746,
        "vol": 0.1650154645298649,
        "sharpe": 0.6948822436996889,
        "sortino": 0.8345853872512928,
        "max_dd": -0.38439852452742096,
        "calmar": 0.26966719928950433,
        "years": 10.373716632443532
      },
      "vs_ew_pp": 1.4301609083969602,
      "vs_nifty_pp": 5.926189151306849
    },
    "OOS-era 2016-2021": {
      "factor": {
        "cagr": 0.19997420701827173,
        "vol": 0.20096160845032582,
        "sharpe": 1.027752612611739,
        "sortino": 1.089560960486632,
        "max_dd": -0.3791251759261325,
        "calmar": 0.5274622201750961,
        "years": 5.9986310746064335,
        "turnover_yr": 1.1970171404001917,
        "tax_paid": 0.40776709034279485,
        "n_rebalances": 6,
        "avg_holdings": 12.0
      },
      "equal_weight": {
        "cagr": 0.1341949107371403,
        "vol": 0.1793038565477984,
        "sharpe": 0.8076895652285561,
        "sortino": 0.8478869947194437,
        "max_dd": -0.40229148452238317,
        "calmar": 0.3335763144389247,
        "years": 5.9986310746064335,
        "turnover_yr": 0.3718836142939248,
        "tax_paid": 0.18662170276961546,
        "n_rebalances": 6,
        "avg_holdings": 108.4
      },
      "nifty": {
        "cagr": 0.12949394669638314,
        "vol": 0.179898418648515,
        "sharpe": 0.7837768653934412,
        "sortino": 0.9054059757615842,
        "max_dd": -0.38439852452742096,
        "calmar": 0.3368742032909279,
        "years": 5.990417522245037
      },
      "vs_ew_pp": 6.577929628113144,
      "vs_nifty_pp": 7.048026032188859
    },
    "recent 2022-2026": {
      "factor": {
        "cagr": 0.1509084465435584,
        "vol": 0.2498448979983699,
        "sharpe": 0.6968199893254594,
        "sortino": 0.8820082029938418,
        "max_dd": -0.3248715774591432,
        "calmar": 0.46451723392926575,
        "years": 4.42984257357974,
        "turnover_yr": 1.8103587427103085,
        "tax_paid": 0.20790476895778948,
        "n_rebalances": 5,
        "avg_holdings": 12.0
      },
      "equal_weight": {
        "cagr": 0.15590980716739145,
        "vol": 0.1748938273946068,
        "sharpe": 0.9289384930935463,
        "sortino": 1.119064466565857,
        "max_dd": -0.21507847778599165,
        "calmar": 0.7248972968951618,
        "years": 4.42984257357974,
        "turnover_yr": 0.5496725190270049,
        "tax_paid": 0.14470918907411257,
        "n_rebalances": 5,
        "avg_holdings": 119.2
      },
      "nifty": {
        "cagr": 0.0617115569876705,
        "vol": 0.14027456739789498,
        "sharpe": 0.5064854418570299,
        "sortino": 0.6904024655722478,
        "max_dd": -0.1646593406030693,
        "calmar": 0.3747832146154008,
        "years": 4.375085557837098
      },
      "vs_ew_pp": -0.5001360623833051,
      "vs_nifty_pp": 8.91968895558879
    }
  },
  "walk_forward": [
    {
      "window": "2016-2018",
      "factor": 0.07029535174737189,
      "ew": 0.08204863021975473,
      "nifty": 0.10419480535379644,
      "vs_ew": -1.1753278472382833,
      "vs_nifty": -3.3899453606424546
    },
    {
      "window": "2017-2019",
      "factor": 0.12475245949683544,
      "ew": 0.10651899402906562,
      "nifty": 0.12609590825866546,
      "vs_ew": 1.8233465467769827,
      "vs_nifty": -0.13434487618300128
    },
    {
      "window": "2018-2020",
      "factor": 0.11373537362875141,
      "ew": 0.053909949278991176,
      "nifty": 0.09059025925169628,
      "vs_ew": 5.982542434976024,
      "vs_nifty": 2.314511437705513
    },
    {
      "window": "2019-2021",
      "factor": 0.3709252459971728,
      "ew": 0.18487248992053407,
      "nifty": 0.1530535695035058,
      "vs_ew": 18.605275607663874,
      "vs_nifty": 21.7871676493667
    },
    {
      "window": "2020-2022",
      "factor": 0.2271833818349771,
      "ew": 0.19773358124741103,
      "nifty": 0.1256268893200383,
      "vs_ew": 2.9449800587566077,
      "vs_nifty": 10.15564925149388
    },
    {
      "window": "2021-2023",
      "factor": 0.3220971185192496,
      "ew": 0.2478507358022215,
      "nifty": 0.1404811692129928,
      "vs_ew": 7.42463827170281,
      "vs_nifty": 18.16159493062568
    },
    {
      "window": "2022-2024",
      "factor": 0.24984317981925974,
      "ew": 0.2066566581751581,
      "nifty": 0.09129868895728599,
      "vs_ew": 4.318652164410164,
      "vs_nifty": 15.854449086197375
    },
    {
      "window": "2023-2025",
      "factor": 0.27113025304013316,
      "ew": 0.2205537811319176,
      "nifty": 0.11390637222153055,
      "vs_ew": 5.057647190821557,
      "vs_nifty": 15.722388081860261
    }
  ],
  "walk_forward_summary": {
    "windows": 8,
    "beats_nifty": 6.0,
    "beats_ew": 7.0
  }
}