{
  "config": {
    "mode": "factor_tilt",
    "n_hold": 20,
    "factor_weights": {
      "momentum": 0.45,
      "low_vol": 0.15,
      "trend": 0.25,
      "stability": 0.15
    },
    "base_weighting": "inverse_vol",
    "tilt_strength": 1.5,
    "max_weight": 0.08,
    "max_sector_weight": 0.3,
    "buffer_mult": 2.0
  },
  "windows": {
    "FULL 2016-2026": {
      "factor": {
        "cagr": 0.18241507020672443,
        "vol": 0.24977306826596607,
        "sharpe": 0.8120650025097951,
        "sharpe_excess": 0.5599054364075856,
        "sortino": 0.7413868801865701,
        "max_dd": -0.5433055700278544,
        "calmar": 0.3357504142601967,
        "years": 10.43668720054757,
        "rf_annual": 0.065,
        "turnover_yr": 2.9097292375638824,
        "tax_paid": 0.9298963426631253,
        "n_rebalances": 21,
        "avg_holdings": 20.0
      },
      "equal_weight": {
        "cagr": 0.11833868184241036,
        "vol": 0.19744804839706243,
        "sharpe": 0.6788065712235954,
        "sharpe_excess": 0.35982307642952605,
        "sortino": 0.45725413996653586,
        "max_dd": -0.6293415711975174,
        "calmar": 0.18803569835254064,
        "years": 10.43668720054757,
        "rf_annual": 0.065,
        "turnover_yr": 0.8129692258396091,
        "tax_paid": 0.34123263811758187,
        "n_rebalances": 21,
        "avg_holdings": 504.5238095238095
      },
      "nifty": {
        "cagr": 0.11075742361182717,
        "vol": 0.14964463392779737,
        "sharpe": 0.7926744175911881,
        "sharpe_excess": 0.371792847268043,
        "sortino": 0.49373850582100176,
        "max_dd": -0.3633661476577137,
        "calmar": 0.30480941696351765,
        "years": 10.43668720054757,
        "rf_annual": 0.065
      },
      "vs_ew_pp": 6.407638836431406,
      "vs_nifty_pp": 7.165764659489726
    },
    "OOS-era 2016-2021": {
      "factor": {
        "cagr": 0.20791956100594988,
        "vol": 0.2433096349931461,
        "sharpe": 0.9157064225771324,
        "sharpe_excess": 0.6568483279532277,
        "sortino": 0.8712930442772764,
        "max_dd": -0.5433055700278544,
        "calmar": 0.38269359357992627,
        "years": 5.9986310746064335,
        "rf_annual": 0.065,
        "turnover_yr": 2.7164013000209133,
        "tax_paid": 0.41480452081413144,
        "n_rebalances": 12,
        "avg_holdings": 20.0
      },
      "equal_weight": {
        "cagr": 0.10855484544220895,
        "vol": 0.20193677956553102,
        "sharpe": 0.6230954710874332,
        "sharpe_excess": 0.31120246846814126,
        "sortino": 0.3921619599656078,
        "max_dd": -0.6293415711975174,
        "calmar": 0.17248955163672042,
        "years": 5.9986310746064335,
        "rf_annual": 0.065,
        "turnover_yr": 0.8440876552043448,
        "tax_paid": 0.14058043728990033,
        "n_rebalances": 12,
        "avg_holdings": 437.75
      },
      "nifty": {
        "cagr": 0.13751543178560865,
        "vol": 0.16295868516453227,
        "sharpe": 0.8904388245666949,
        "sharpe_excess": 0.503944122217,
        "sortino": 0.6708981598407127,
        "max_dd": -0.3633661476577137,
        "calmar": 0.3784486603169937,
        "years": 5.9986310746064335,
        "rf_annual": 0.065
      },
      "vs_ew_pp": 9.936471556374094,
      "vs_nifty_pp": 7.040412922034123
    },
    "recent 2022-2026": {
      "factor": {
        "cagr": 0.10652199974467691,
        "vol": 0.2610225766924358,
        "sharpe": 0.528657271261948,
        "sharpe_excess": 0.28736523700172245,
        "sortino": 0.3695675089615885,
        "max_dd": -0.4266385703698199,
        "calmar": 0.24967737833065878,
        "years": 4.42984257357974,
        "rf_annual": 0.065,
        "turnover_yr": 3.048308100878634,
        "tax_paid": 0.11022174598732101,
        "n_rebalances": 9,
        "avg_holdings": 20.0
      },
      "equal_weight": {
        "cagr": 0.12483506604595807,
        "vol": 0.19302799659922518,
        "sharpe": 0.7208835750910134,
        "sharpe_excess": 0.39459583638163115,
        "sortino": 0.5046897339484939,
        "max_dd": -0.27486147500641167,
        "calmar": 0.45417447477150463,
        "years": 4.42984257357974,
        "rf_annual": 0.065,
        "turnover_yr": 0.8947292642479499,
        "tax_paid": 0.10315384863303649,
        "n_rebalances": 9,
        "avg_holdings": 588.4444444444445
      },
      "nifty": {
        "cagr": 0.06751505270481362,
        "vol": 0.12764361901967997,
        "sharpe": 0.5861556933662344,
        "sharpe_excess": 0.09272978612794994,
        "sortino": 0.10950423543505089,
        "max_dd": -0.15734991594297287,
        "calmar": 0.42907587398573876,
        "years": 4.42984257357974,
        "rf_annual": 0.065
      },
      "vs_ew_pp": -1.8313066301281156,
      "vs_nifty_pp": 3.9006947039863293
    }
  },
  "walk_forward": [
    {
      "window": "2016-2018",
      "factor": 0.03506499318054068,
      "ew": 0.056989286261941885,
      "nifty": 0.10814687681663049,
      "vs_ew": -2.1924293081401203,
      "vs_nifty": -7.308188363608981
    },
    {
      "window": "2017-2019",
      "factor": 0.07300821061417073,
      "ew": -0.01414299491350235,
      "nifty": 0.13951249620885964,
      "vs_ew": 8.715120552767308,
      "vs_nifty": -6.6504285594688906
    },
    {
      "window": "2018-2020",
      "factor": 0.08961798782436947,
      "ew": -0.06819291012127693,
      "nifty": 0.10112577277457668,
      "vs_ew": 15.78108979456464,
      "vs_nifty": -1.1507784950207212
    },
    {
      "window": "2019-2021",
      "factor": 0.3107013547927375,
      "ew": 0.1652019423875004,
      "nifty": 0.16152361352092615,
      "vs_ew": 14.549941240523712,
      "vs_nifty": 14.917774127181138
    },
    {
      "window": "2020-2022",
      "factor": 0.2381760526168506,
      "ew": 0.21539014774667753,
      "nifty": 0.1356963018004662,
      "vs_ew": 2.278590487017307,
      "vs_nifty": 10.247975081638439
    },
    {
      "window": "2021-2023",
      "factor": 0.3276707437475692,
      "ew": 0.27503028070199154,
      "nifty": 0.15209409701954102,
      "vs_ew": 5.264046304557768,
      "vs_nifty": 17.55766467280282
    },
    {
      "window": "2022-2024",
      "factor": 0.23338164494602331,
      "ew": 0.20651942726738493,
      "nifty": 0.1022921082689845,
      "vs_ew": 2.686221767863839,
      "vs_nifty": 13.108953667703883
    },
    {
      "window": "2023-2025",
      "factor": 0.1595543421877501,
      "ew": 0.17110500844190657,
      "nifty": 0.12453369934646563,
      "vs_ew": -1.155066625415646,
      "vs_nifty": 3.5020642841284477
    }
  ],
  "walk_forward_summary": {
    "windows": 8,
    "beats_nifty": 5.0,
    "beats_ew": 6.0
  }
}