{
  "dashboard.py": 1775808212.89657,
  "dashboard/__init__.py": 1775057755.7304707,
  "dashboard/main.py": 1775627870.7336287,
  "dashboard/routers/system.py": 1775060381.711664,
  "dashboard/routers/__init__.py": 1775057755.742471,
  "dashboard/routers/backtest.py": 1775059273.3365169,
  "dashboard/routers/data.py": 1775100039.7551615,
  "core/__init__.py": 1764882538.597417,
  "core/infrastructure/alerts.py": 1775002948.8718648,
  "core/infrastructure/__init__.py": 1764864251.5606341,
  "core/infrastructure/ipc.py": 1770371019.161673,
  "core/infrastructure/redis_io.py": 1770370884.0242896,
  "core/infrastructure/db_io.py": 1770371097.578325,
  "core/infrastructure/database_manager.py": 1775664856.0198913,
  "core/infrastructure/streams.py": 1770371041.731801,
  "core/trading/__init__.py": 1770380521.6803882,
  "core/trading/autonomous.py": 1775627690.9475756,
  "core/trading/risk_manager.py": 1775488033.0259266,
  "core/trading/signals.py": 1772356063.0563424,
  "core/trading/market_utils.py": 1772276335.5497572,
  "core/trading/position_sizer.py": 1775541716.707525,
  "core/trading/decision.py": 1772294924.3654783,
  "core/trading/engines/__init__.py": 1764864251.5603464,
  "core/trading/engines/paper_runner.py": 1775575794.3675723,
  "core/system/launcher.py": 1775003446.957938,
  "core/system/__init__.py": 1764864251.560199,
  "core/system/process_manager.py": 1775006357.6266208,
  "core/system/bootstrap.py": 1775488103.6619654,
  "core/system/container.py": 1770371120.881144,
  "core/system/main.py": 1775006328.265209,
  "core/config/__init__.py": 1764864768.1644185,
  "core/config/validators.py": 1775627942.3253186,
  "core/analytics/__init__.py": 1764864251.5606341,
  "core/analytics/training.py": 1775575128.0448494,
  "core/analytics/performance.py": 1771846007.481682,
  "core/analytics/journal.py": 1775543502.858175,
  "core/analytics/regime_detector.py": 1775574962.5360725,
  "core/execution/__init__.py": 1770380521.6926615,
  "core/execution/schemas.py": 1770370784.153963,
  "core/execution/execution_engine.py": 1775627637.049457,
  "core/execution/order_validator.py": 1772294827.9795547,
  "core/execution/order_manager.py": 1770370774.0146186,
  "core/execution/adapters/__init__.py": 1764864251.5603464,
  "core/execution/adapters/paper_exec.py": 1775541563.8280404,
  "core/execution/adapters/kite_exec.py": 1770370818.873291,
  "core/execution/adapters/base_exec.py": 1770370812.7809765,
  "core/data/__init__.py": 1764882540.8262384,
  "core/data/provider.py": 1775794228.307048,
  "core/data/fno_data.py": 1775006433.0909636,
  "core/data/feed_manager.py": 1770371274.1948676,
  "core/data/fii_data.py": 1775808451.4956238,
  "core/data/market_data.py": 1775201307.63879,
  "core/data/base_feed.py": 1775179416.994403,
  "core/data/bulk_deals.py": 1774054137.46613,
  "core/data/data_pipeline.py": 1775768518.4347968,
  "core/data/adapters/__init__.py": 1775020056.0151458,
  "core/data/adapters/ise_signal_enricher.py": 1775028921.509275,
  "core/data/adapters/ise_adapter.py": 1775768378.869479,
  "core/data/adapters/ise_feature_factory.py": 1775028487.1476374,
  "core/data/adapters/kite_adapter.py": 1775628155.206086,
  "core/optimization/__init__.py": 1764864251.5606341,
  "core/optimization/hyperparameter_optimizer.py": 1772292677.199995,
  "core/optimization/optimizer.py": 1770441372.6820624,
  "core/utils/time_sync.py": 1770371477.2560182,
  "core/utils/__init__.py": 1770380521.6930108,
  "core/utils/config_manager.py": 1775627959.4212415,
  "core/utils/common.py": 1770371466.703509,
  "core/utils/system_monitor.py": 1770371475.2129624,
  "core/utils/constants.py": 1775544213.281569,
  "core/utils/tools/__init__.py": 1764864251.5606341,
  "core/validation/auditor.py": 1770368850.3719873,
  "core/validation/__init__.py": 1764864251.5606341,
  "core/validation/data_validator.py": 1764882751.5599356,
  "core/validation/gate.py": 1775007400.148787,
  "core/validation/suite.py": 1775477767.8747354,
  "core/models/ensemble.py": 1772319567.5250492,
  "core/models/__init__.py": 1770380521.6931822,
  "core/models/features.py": 1775794698.959507,
  "core/models/model_versioning.py": 1772319567.525403,
  "core/models/registry.py": 1775647028.1429982,
  "core/models/ranker.py": 1775205791.0990152,
  "core/models/predictor.py": 1775806384.8106177,
  "core/models/deprecated/jbdf.py": 1775549077.4829502,
  "core/models/deprecated/phase0_validation.py": 1773965536.8019414,
  "core/models/deprecated/test_tracing.py": 1775180773.0392344,
  "core/models/deprecated/tcn_features_legacy.py": 1775642293.6702254,
  "core/models/training/__init__.py": 1764864251.5606341,
  "core/models/training/financial_engineer.py": 1775765389.9482684,
  "core/models/training/cpcv.py": 1775732949.4463227,
  "core/models/training/engine.py": 1775720150.8198216,
  "core/models/training/trainer.py": 1775794520.7902844,
  "core/models/tcn/system.py": 1775727421.71229,
  "core/models/tcn/__init__.py": 1764864251.5603464,
  "core/models/tcn/backtester.py": 1775808183.3910666,
  "core/models/tcn/pipeline.py": 1775643430.8495085,
  "tests/test_vectorization_fix.py": 1775628814.6507652,
  "tests/run_stress_test.py": 1775777467.6750717,
  "tests/__init__.py": 1774044561.030943,
  "tests/verify_frac_diff_small.py": 1775628631.9752808,
  "tests/verify_frac_diff.py": 1775628438.0355828,
  "tests/verify_frac_diff_manual.py": 1775628792.1163876,
  "tests/dashboard_health_check.py": 1775777629.6792047,
  "graphify-3/graphify/export.py": 1775812031.0,
  "graphify-3/graphify/__init__.py": 1775812031.0,
  "graphify-3/graphify/analyze.py": 1775812031.0,
  "graphify-3/graphify/security.py": 1775812031.0,
  "graphify-3/graphify/ingest.py": 1775812031.0,
  "graphify-3/graphify/benchmark.py": 1775812031.0,
  "graphify-3/graphify/detect.py": 1775812031.0,
  "graphify-3/graphify/cache.py": 1775812031.0,
  "graphify-3/graphify/extract.py": 1775812031.0,
  "graphify-3/graphify/wiki.py": 1775812031.0,
  "graphify-3/graphify/serve.py": 1775812031.0,
  "graphify-3/graphify/watch.py": 1775812031.0,
  "graphify-3/graphify/build.py": 1775812031.0,
  "graphify-3/graphify/validate.py": 1775812031.0,
  "graphify-3/graphify/cluster.py": 1775812031.0,
  "graphify-3/graphify/report.py": 1775812031.0,
  "graphify-3/graphify/hooks.py": 1775812031.0,
  "graphify-3/graphify/manifest.py": 1775812031.0,
  "graphify-3/graphify/__main__.py": 1775812031.0,
  "graphify-3/tests/test_report.py": 1775812031.0,
  "graphify-3/tests/__init__.py": 1775812031.0,
  "graphify-3/tests/test_cluster.py": 1775812031.0,
  "graphify-3/tests/test_serve.py": 1775812031.0,
  "graphify-3/tests/test_multilang.py": 1775812031.0,
  "graphify-3/tests/test_build.py": 1775812031.0,
  "graphify-3/tests/test_claude_md.py": 1775812031.0,
  "graphify-3/tests/test_export.py": 1775812031.0,
  "graphify-3/tests/test_watch.py": 1775812031.0,
  "graphify-3/tests/test_wiki.py": 1775812031.0,
  "graphify-3/tests/test_confidence.py": 1775812031.0,
  "graphify-3/tests/test_benchmark.py": 1775812031.0,
  "graphify-3/tests/test_extract.py": 1775812031.0,
  "graphify-3/tests/test_pipeline.py": 1775812031.0,
  "graphify-3/tests/test_rationale.py": 1775812031.0,
  "graphify-3/tests/test_hypergraph.py": 1775812031.0,
  "graphify-3/tests/test_cache.py": 1775812031.0,
  "graphify-3/tests/test_hooks.py": 1775812031.0,
  "graphify-3/tests/test_ingest.py": 1775812031.0,
  "graphify-3/tests/test_languages.py": 1775812031.0,
  "graphify-3/tests/test_semantic_similarity.py": 1775812031.0,
  "graphify-3/tests/test_validate.py": 1775812031.0,
  "graphify-3/tests/test_analyze.py": 1775812031.0,
  "graphify-3/tests/test_security.py": 1775812031.0,
  "graphify-3/tests/test_install.py": 1775812031.0,
  "graphify-3/tests/test_detect.py": 1775812031.0,
  "graphify-3/tests/fixtures/sample.cpp": 1775812031.0,
  "graphify-3/tests/fixtures/sample.ex": 1775812031.0,
  "graphify-3/tests/fixtures/sample.ps1": 1775812031.0,
  "graphify-3/tests/fixtures/sample_calls.py": 1775812031.0,